id,type,name,description,source_file,data_origin,verification_status,category,cause,event,impact,inherent_level,residual_level,owner_unit_id,control_type,frequency,owner_role_id,effectiveness,risk_id,occurred_at,discovered_at,severity,loss_amount_vnd
RR-001,RuiRo,Giao dịch chuyển tiền bị hạch toán sai,Đối soát giao dịch cuối ngày không đầy đủ,risk_profiles_seed.csv,SYNTHETIC,VERIFIED,Rui ro van hanh,Thiếu đối chiếu giữa hệ thống thanh toán và sổ cái,Giao dịch được ghi nhận sai trạng thái,Tổn thất tài chính và khiếu nại khách hàng,Cao,Trung binh,DV-OPS,,,,,,,,,
RR-002,RuiRo,Phê duyệt tín dụng vượt thẩm quyền,Kiểm tra hạn mức phê duyệt không hiệu lực,risk_profiles_seed.csv,SYNTHETIC,VERIFIED,Rui ro tin dung,Phân quyền trên hệ thống không cập nhật,Khoản vay được phê duyệt vượt thẩm quyền,Tăng nợ xấu và vi phạm quy định,Cao,Trung binh,DV-CREDIT,,,,,,,,,
RR-003,RuiRo,Giải ngân thiếu hồ sơ bảo đảm,Hồ sơ giải ngân chưa đủ điều kiện,risk_profiles_seed.csv,SYNTHETIC,VERIFIED,Rui ro tin dung,Kiểm tra điều kiện tiên quyết bị bỏ qua,Giải ngân khi thiếu chứng từ bắt buộc,Khó thu hồi nợ và vi phạm quy trình,Cao,Trung binh,DV-CREDIT,,,,,,,,,
RR-004,RuiRo,Lộ thông tin khách hàng,Quyền truy cập dữ liệu không được kiểm soát phù hợp,risk_profiles_seed.csv,SYNTHETIC,VERIFIED,Rui ro cong nghe thong tin,Cấp quyền vượt nhu cầu công việc,Dữ liệu khách hàng bị truy cập hoặc chia sẻ trái phép,Vi phạm bảo mật và tổn hại uy tín,Cao,Trung binh,DV-IT,,,,,,,,,
RR-005,RuiRo,Gián đoạn dịch vụ ngân hàng số,Hệ thống thanh toán trực tuyến không sẵn sàng,risk_profiles_seed.csv,SYNTHETIC,VERIFIED,Rui ro cong nghe thong tin,Kế hoạch năng lực và dự phòng chưa đầy đủ,Dịch vụ ngân hàng số bị gián đoạn,Mất doanh thu và khiếu nại khách hàng,Cao,Trung binh,DV-IT,,,,,,,,,
RR-006,RuiRo,Gian lận giả mạo yêu cầu chuyển tiền,Nhận diện và xác thực yêu cầu chưa đủ mạnh,risk_profiles_seed.csv,SYNTHETIC,VERIFIED,Rui ro gian lan,Nhân viên không xác minh kênh liên lạc,Yêu cầu chuyển tiền giả mạo được xử lý,Tổn thất tài chính,Cao,Trung binh,DV-OPS,,,,,,,,,
RR-007,RuiRo,Chậm báo cáo giao dịch đáng ngờ,Theo dõi cảnh báo AML không kịp thời,risk_profiles_seed.csv,SYNTHETIC,VERIFIED,Rui ro tuan thu,Khối lượng cảnh báo vượt năng lực xử lý,Báo cáo giao dịch đáng ngờ nộp muộn,Chế tài và rủi ro pháp lý,Cao,Trung binh,DV-COMPLIANCE,,,,,,,,,
RR-008,RuiRo,Định giá tài sản bảo đảm không chính xác,Dữ liệu định giá không độc lập hoặc hết hạn,risk_profiles_seed.csv,SYNTHETIC,VERIFIED,Rui ro tin dung,Thiếu rà soát lại giá trị tài sản,Tài sản bảo đảm được định giá cao hơn thực tế,Tăng tổn thất khi xử lý nợ,Cao,Trung binh,DV-CREDIT,,,,,,,,,
RR-009,RuiRo,Không phát hiện giao dịch bất thường,Luật phát hiện gian lận không được cập nhật,risk_profiles_seed.csv,SYNTHETIC,VERIFIED,Rui ro gian lan,Ngưỡng cảnh báo không phù hợp,Giao dịch nghi ngờ không bị chặn kịp thời,Tổn thất tài chính và uy tín,Cao,Trung binh,DV-OPS,,,,,,,,,
RR-010,RuiRo,Sai lệch số liệu báo cáo quản trị,Dữ liệu nguồn không được đối chiếu,risk_profiles_seed.csv,SYNTHETIC,VERIFIED,Rui ro bao cao,Thay đổi dữ liệu không có kiểm soát,Báo cáo quản trị có số liệu sai,Quyết định quản trị sai lệch,Trung binh,Thap,DV-FINANCE,,,,,,,,,
RR-011,RuiRo,Nhà cung cấp công nghệ không đáp ứng cam kết,Giám sát SLA nhà cung cấp không đầy đủ,risk_profiles_seed.csv,SYNTHETIC,VERIFIED,Rui ro ben thu ba,Điều khoản hợp đồng và chỉ số SLA không được theo dõi,Dịch vụ thuê ngoài suy giảm chất lượng,Gián đoạn dịch vụ và tổn hại uy tín,Trung binh,Trung binh,DV-IT,,,,,,,,,
RR-012,RuiRo,Xung đột lợi ích trong mua sắm,Quy trình lựa chọn nhà cung cấp thiếu độc lập,risk_profiles_seed.csv,SYNTHETIC,VERIFIED,Rui ro dao duc,Thiếu kê khai và rà soát xung đột lợi ích,Quyết định mua sắm không khách quan,Tăng chi phí và rủi ro pháp lý,Trung binh,Thap,DV-PROCUREMENT,,,,,,,,,
KS-001,KiemSoat,Đối soát tự động giao dịch và sổ cái,,controls_seed.csv,SYNTHETIC,VERIFIED,,,,,,,,Detective,Hang ngay,VT-OPS-CONTROL,Hieu qua,,,,,
KS-002,KiemSoat,Kiểm tra hạn mức phê duyệt trên hệ thống,,controls_seed.csv,SYNTHETIC,VERIFIED,,,,,,,,Preventive,Theo giao dich,VT-CREDIT-APPROVER,Hieu qua,,,,,
KS-003,KiemSoat,Checklist điều kiện giải ngân bắt buộc,,controls_seed.csv,SYNTHETIC,VERIFIED,,,,,,,,Preventive,Theo giao dich,VT-CREDIT-OFFICER,Can cai thien,,,,,
KS-004,KiemSoat,Rà soát quyền truy cập định kỳ,,controls_seed.csv,SYNTHETIC,VERIFIED,,,,,,,,Preventive,Hang quy,VT-IT-SECURITY,Hieu qua,,,,,
KS-005,KiemSoat,Kiểm thử khả năng chịu tải và chuyển đổi dự phòng,,controls_seed.csv,SYNTHETIC,VERIFIED,,,,,,,,Preventive,Hang quy,VT-IT-OPERATIONS,Can cai thien,,,,,
KS-006,KiemSoat,Xác thực hai kênh với lệnh chuyển tiền ngoại lệ,,controls_seed.csv,SYNTHETIC,VERIFIED,,,,,,,,Preventive,Theo giao dich,VT-OPS-CONTROL,Hieu qua,,,,,
KS-007,KiemSoat,Theo dõi SLA xử lý cảnh báo AML,,controls_seed.csv,SYNTHETIC,VERIFIED,,,,,,,,Detective,Hang ngay,VT-COMPLIANCE-AML,Can cai thien,,,,,
KS-008,KiemSoat,Rà soát độc lập định giá tài sản bảo đảm,,controls_seed.csv,SYNTHETIC,VERIFIED,,,,,,,,Detective,Hang nam,VT-CREDIT-REVIEW,Hieu qua,,,,,
KS-009,KiemSoat,Hiệu chỉnh luật phát hiện giao dịch gian lận,,controls_seed.csv,SYNTHETIC,VERIFIED,,,,,,,,Preventive,Hang thang,VT-OPS-CONTROL,Can cai thien,,,,,
KS-010,KiemSoat,Đối chiếu dữ liệu nguồn trước khi phát hành báo cáo,,controls_seed.csv,SYNTHETIC,VERIFIED,,,,,,,,Detective,Hang thang,VT-FINANCE-REPORTING,Hieu qua,,,,,
SK-001,SuKienRuiRo,Sự kiện SK-001,Sai lệch trạng thái giao dịch được phát hiện khi đối soát cuối ngày,risk_events_seed.csv,SYNTHETIC,VERIFIED,,,,,,,,,,,,RR-001,2024-03-15,2024-03-15,Trung binh,85000000.0
SK-002,SuKienRuiRo,Sự kiện SK-002,Hồ sơ tín dụng được phê duyệt vượt hạn mức của người phê duyệt,risk_events_seed.csv,SYNTHETIC,VERIFIED,,,,,,,,,,,,RR-002,2024-04-02,2024-04-05,Cao,0.0
SK-003,SuKienRuiRo,Sự kiện SK-003,Giải ngân trước khi hoàn thiện chứng từ bảo đảm,risk_events_seed.csv,SYNTHETIC,VERIFIED,,,,,,,,,,,,RR-003,2024-04-18,2024-04-18,Cao,120000000.0
SK-004,SuKienRuiRo,Sự kiện SK-004,Tài khoản có quyền truy cập dữ liệu vượt phạm vi công việc,risk_events_seed.csv,SYNTHETIC,VERIFIED,,,,,,,,,,,,RR-004,2024-05-06,2024-05-07,Cao,0.0
SK-005,SuKienRuiRo,Sự kiện SK-005,Dịch vụ ngân hàng số gián đoạn trong giờ cao điểm,risk_events_seed.csv,SYNTHETIC,VERIFIED,,,,,,,,,,,,RR-005,2024-05-21,2024-05-21,Cao,0.0
SK-006,SuKienRuiRo,Sự kiện SK-006,Yêu cầu chuyển tiền giả mạo được xử lý trước khi bị thu hồi,risk_events_seed.csv,SYNTHETIC,VERIFIED,,,,,,,,,,,,RR-006,2024-06-11,2024-06-11,Cao,230000000.0
SK-007,SuKienRuiRo,Sự kiện SK-007,Báo cáo giao dịch đáng ngờ nộp quá hạn nội bộ,risk_events_seed.csv,SYNTHETIC,VERIFIED,,,,,,,,,,,,RR-007,2024-06-28,2024-07-03,Trung binh,0.0
SK-008,SuKienRuiRo,Sự kiện SK-008,Rà soát phát hiện giá trị tài sản bảo đảm đã hết hiệu lực,risk_events_seed.csv,SYNTHETIC,VERIFIED,,,,,,,,,,,,RR-008,2024-07-10,2024-07-15,Cao,0.0
SK-009,SuKienRuiRo,Sự kiện SK-009,Giao dịch bất thường chỉ bị phát hiện sau khi khách hàng khiếu nại,risk_events_seed.csv,SYNTHETIC,VERIFIED,,,,,,,,,,,,RR-009,2024-07-22,2024-07-23,Cao,175000000.0
SK-010,SuKienRuiRo,Sự kiện SK-010,Báo cáo quản trị sử dụng dữ liệu nguồn chưa đối chiếu,risk_events_seed.csv,SYNTHETIC,VERIFIED,,,,,,,,,,,,RR-010,2024-08-02,2024-08-05,Trung binh,0.0
SK-011,SuKienRuiRo,Sự kiện SK-011,Nhà cung cấp chậm khôi phục dịch vụ so với SLA,risk_events_seed.csv,SYNTHETIC,VERIFIED,,,,,,,,,,,,RR-011,2024-08-14,2024-08-14,Trung binh,0.0
SK-012,SuKienRuiRo,Sự kiện SK-012,Kiểm tra sau mua sắm phát hiện thiếu kê khai xung đột lợi ích,risk_events_seed.csv,SYNTHETIC,VERIFIED,,,,,,,,,,,,RR-012,2024-09-03,2024-09-12,Trung binh,0.0
